subject_id,n_correct,n_incorrect,shift_peak_flexion_deg,shift_rom_deg,shift_peak_descent_velocity_deg_per_frame,shift_mean_descent_velocity_deg_per_frame,shift_jerk_proxy_std
5,5,5,-40.22092000000001,41.23502000000002,-2.863839999999999,-0.9725400000000004,0.16602000000000017
8,5,5,-27.1539,26.918200000000013,-1.541459999999998,-1.00384,0.12656
7,5,5,-20.339920000000006,49.214899999999986,-4.494440000000002,-1.2580200000000001,0.29811999999999994
6,5,5,-16.329740000000008,13.205300000000008,0.12612000000000023,-0.41671999999999976,0.12424000000000002
1,16,1,-16.203756249999998,17.120506250000005,-1.6630000000000003,-1.4889625,0.37125625000000007
3,5,5,-11.950140000000012,11.92016000000001,-1.9091999999999998,-0.7246600000000003,0.10663999999999985
